Workbook

Sheet Questionnaire
A1: TEAM MEMBER EVALUATION QUESTIONNAIRE
A2: Project Team Membership Assessment | Balanced Skill Scorecard
A4: Candidate Name: ___________________________ | C4: Evaluator: ___________________________ | E4: Date: ___________________________
A6: # | B6: Category | C6: Question / Behavioural Indicator | D6: Evidence / Notes | E6: Rating (1–5) | F6: Weight
A7: Rating Scale: 1 = Well Below Expectations | 2 = Below Expectations | 3 = Meets Expectations | 4 = Exceeds Expectations | 5 = Exceptional
A8: TECHNICAL SKILLS
A9: T1 | B9: Domain Expertise | C9: Does the individual demonstrate strong knowledge in their core discipline (e.g., market research, finance, software programming)? | F9: 25%
A10: T2 | B10: Applied Technical Skill | C10: Can they translate technical knowledge into actionable outputs relevant to the project's goals?
A11: T3 | B11: Continuous Learning | C11: Do they actively update their skills and stay current with developments in their field?
A12: T4 | B12: Quality of Technical Output | C12: Is the quality, accuracy, and rigour of their work consistently high?
A13: T5 | B13: Cross-Functional Technical Contribution | C13: Can they apply their technical skills beyond their immediate function to support broader team needs?
A14: Technical Sub-Total (avg × weight) | E14: =IFERROR(AVERAGE(E9:E13)*0.25,"")
A15: PROBLEM SOLVING SKILLS
A16: P1 | B16: Analytical Thinking | C16: Does the individual break down complex problems systematically and identify root causes? | F16: 25%
A17: P2 | B17: Creative Solution Crafting | C17: Do they generate innovative or non-obvious solutions when faced with difficult impasses?
A18: P3 | B18: Decision-Making Under Uncertainty | C18: Can they make sound judgements with incomplete information and manage associated risks?
A19: P4 | B19: Resourcefulness | C19: Do they find ways to progress even when resources or information are limited?
A20: P5 | B20: Lessons-Learned Orientation | C20: Do they reflect on past problems and apply those insights to avoid repeating mistakes?
A21: Problem Solving Sub-Total (avg × weight) | E21: =IFERROR(AVERAGE(E16:E20)*0.25,"")
A22: INTERPERSONAL SKILLS
A23: I1 | B23: Collaborative Disposition | C23: Does the individual actively share knowledge, credit, and workload with teammates rather than working in isolation? | F23: 25%
A24: I2 | B24: Communication Clarity | C24: Do they express ideas clearly and adapt their communication style to different audiences?
A25: I3 | B25: Active Listening | C25: Do they genuinely engage with others' input before responding, and incorporate feedback constructively?
A26: I4 | B26: Conflict Management | C26: When disagreements arise, do they work toward resolution without undermining team cohesion?
A27: I5 | B27: Empathy & Trust-Building | C27: Do they build psychological safety, making it easy for colleagues to speak up and contribute?
A28: Interpersonal Sub-Total (avg × weight) | E28: =IFERROR(AVERAGE(E23:E27)*0.25,"")
A29: ORGANIZATIONAL SKILLS
A30: O1 | B30: Networking Effectiveness | C30: Does the individual cultivate productive relationships across the organisation that benefit the team? | F30: 25%
A31: O2 | B31: Resource Mobilisation | C31: Can they secure budgets, information, or personnel support from operating units when needed?
A32: O3 | B32: Stakeholder Navigation | C32: Do they understand the political landscape and manage upward / lateral relationships diplomatically?
A33: O4 | B33: Cross-Unit Communication | C33: Do they keep relevant parts of the organisation informed and aligned, preventing conflicts before they arise?
A34: O5 | B34: Alignment with Organisational Goals | C34: Do their day-to-day actions consistently advance both the project's objectives and the company's strategic priorities?
A35: Organizational Sub-Total (avg × weight) | E35: =IFERROR(AVERAGE(E30:E34)*0.25,"")
A37: OVERALL BALANCED SCORE (max 5.00) | E37: =IFERROR(E14+E21+E28+E35,"") -> 0
A39: Recommendation:
A40: ☐ Strong Recommend ☐ Recommend with Conditions ☐ Recommend for Mentorship ☐ Do Not Recommend at this time
A42: Notes / Development Areas:

Sheet Balanced Score Matrix
A1: TEAM MEMBERSHIP – BALANCED SCORE MATRIX
A2: Consolidated view across all four competency pillars | Scores auto-populated from Questionnaire sheet
A4: # | B4: Competency / Indicator | C4: Technical (25%) | D4: Problem Solving (25%) | E4: Interpersonal (25%) | F4: Organisational (25%) | G4: Avg Score (1–5) | H4: Weighted Contribution | I4: Performance Band
A5: TECHNICAL SKILLS
A6: T1 | B6: Domain Expertise | C6: =Questionnaire!E9 | D6: – | E6: – | F6: – | G6: =Questionnaire!E9 | H6: =IFERROR(Questionnaire!E9*0.05,"") -> 0 | I6: =IFERROR(IF(Questionnaire!E9="","",CHOOSE(MIN(5,MAX(1,Questionnaire!E9)),"Well Below","Below","Meets","Exceeds","Exceptional")),"–")
A7: T2 | B7: Applied Technical Skill | C7: =Questionnaire!E10 | D7: – | E7: – | F7: – | G7: =Questionnaire!E10 | H7: =IFERROR(Questionnaire!E10*0.05,"") -> 0 | I7: =IFERROR(IF(Questionnaire!E10="","",CHOOSE(MIN(5,MAX(1,Questionnaire!E10)),"Well Below","Below","Meets","Exceeds","Exceptional")),"–")
A8: T3 | B8: Continuous Learning | C8: =Questionnaire!E11 | D8: – | E8: – | F8: – | G8: =Questionnaire!E11 | H8: =IFERROR(Questionnaire!E11*0.05,"") -> 0 | I8: =IFERROR(IF(Questionnaire!E11="","",CHOOSE(MIN(5,MAX(1,Questionnaire!E11)),"Well Below","Below","Meets","Exceeds","Exceptional")),"–")
A9: T4 | B9: Quality of Technical Output | C9: =Questionnaire!E12 | D9: – | E9: – | F9: – | G9: =Questionnaire!E12 | H9: =IFERROR(Questionnaire!E12*0.05,"") -> 0 | I9: =IFERROR(IF(Questionnaire!E12="","",CHOOSE(MIN(5,MAX(1,Questionnaire!E12)),"Well Below","Below","Meets","Exceeds","Exceptional")),"–")
A10: T5 | B10: Cross-Functional Technical Contribution | C10: =Questionnaire!E13 | D10: – | E10: – | F10: – | G10: =Questionnaire!E13 | H10: =IFERROR(Questionnaire!E13*0.05,"") -> 0 | I10: =IFERROR(IF(Questionnaire!E13="","",CHOOSE(MIN(5,MAX(1,Questionnaire!E13)),"Well Below","Below","Meets","Exceeds","Exceptional")),"–")
A11: Technical Average | C11: =IFERROR(AVERAGE(C6:C10),"") | G11: =IFERROR(AVERAGE(C6:C10),"") | H11: =IFERROR(C11*0.25,"") -> 0
A12: PROBLEM SOLVING SKILLS
A13: P1 | B13: Analytical Thinking | C13: – | D13: =Questionnaire!E16 | E13: – | F13: – | G13: =Questionnaire!E16 | H13: =IFERROR(Questionnaire!E16*0.05,"") -> 0 | I13: =IFERROR(IF(Questionnaire!E16="","",CHOOSE(MIN(5,MAX(1,Questionnaire!E16)),"Well Below","Below","Meets","Exceeds","Exceptional")),"–")
A14: P2 | B14: Creative Solution Crafting | C14: – | D14: =Questionnaire!E17 | E14: – | F14: – | G14: =Questionnaire!E17 | H14: =IFERROR(Questionnaire!E17*0.05,"") -> 0 | I14: =IFERROR(IF(Questionnaire!E17="","",CHOOSE(MIN(5,MAX(1,Questionnaire!E17)),"Well Below","Below","Meets","Exceeds","Exceptional")),"–")
A15: P3 | B15: Decision-Making Under Uncertainty | C15: – | D15: =Questionnaire!E18 | E15: – | F15: – | G15: =Questionnaire!E18 | H15: =IFERROR(Questionnaire!E18*0.05,"") -> 0 | I15: =IFERROR(IF(Questionnaire!E18="","",CHOOSE(MIN(5,MAX(1,Questionnaire!E18)),"Well Below","Below","Meets","Exceeds","Exceptional")),"–")
A16: P4 | B16: Resourcefulness | C16: – | D16: =Questionnaire!E19 | E16: – | F16: – | G16: =Questionnaire!E19 | H16: =IFERROR(Questionnaire!E19*0.05,"") -> 0 | I16: =IFERROR(IF(Questionnaire!E19="","",CHOOSE(MIN(5,MAX(1,Questionnaire!E19)),"Well Below","Below","Meets","Exceeds","Exceptional")),"–")
A17: P5 | B17: Lessons-Learned Orientation | C17: – | D17: =Questionnaire!E20 | E17: – | F17: – | G17: =Questionnaire!E20 | H17: =IFERROR(Questionnaire!E20*0.05,"") -> 0 | I17: =IFERROR(IF(Questionnaire!E20="","",CHOOSE(MIN(5,MAX(1,Questionnaire!E20)),"Well Below","Below","Meets","Exceeds","Exceptional")),"–")
A18: Problem Solving Average | D18: =IFERROR(AVERAGE(D13:D17),"") | G18: =IFERROR(AVERAGE(D13:D17),"") | H18: =IFERROR(D18*0.25,"") -> 0
A19: INTERPERSONAL SKILLS
A20: I1 | B20: Collaborative Disposition | C20: – | D20: – | E20: =Questionnaire!E23 | F20: – | G20: =Questionnaire!E23 | H20: =IFERROR(Questionnaire!E23*0.05,"") -> 0 | I20: =IFERROR(IF(Questionnaire!E23="","",CHOOSE(MIN(5,MAX(1,Questionnaire!E23)),"Well Below","Below","Meets","Exceeds","Exceptional")),"–")
A21: I2 | B21: Communication Clarity | C21: – | D21: – | E21: =Questionnaire!E24 | F21: – | G21: =Questionnaire!E24 | H21: =IFERROR(Questionnaire!E24*0.05,"") -> 0 | I21: =IFERROR(IF(Questionnaire!E24="","",CHOOSE(MIN(5,MAX(1,Questionnaire!E24)),"Well Below","Below","Meets","Exceeds","Exceptional")),"–")
A22: I3 | B22: Active Listening | C22: – | D22: – | E22: =Questionnaire!E25 | F22: – | G22: =Questionnaire!E25 | H22: =IFERROR(Questionnaire!E25*0.05,"") -> 0 | I22: =IFERROR(IF(Questionnaire!E25="","",CHOOSE(MIN(5,MAX(1,Questionnaire!E25)),"Well Below","Below","Meets","Exceeds","Exceptional")),"–")
A23: I4 | B23: Conflict Management | C23: – | D23: – | E23: =Questionnaire!E26 | F23: – | G23: =Questionnaire!E26 | H23: =IFERROR(Questionnaire!E26*0.05,"") -> 0 | I23: =IFERROR(IF(Questionnaire!E26="","",CHOOSE(MIN(5,MAX(1,Questionnaire!E26)),"Well Below","Below","Meets","Exceeds","Exceptional")),"–")
A24: I5 | B24: Empathy & Trust-Building | C24: – | D24: – | E24: =Questionnaire!E27 | F24: – | G24: =Questionnaire!E27 | H24: =IFERROR(Questionnaire!E27*0.05,"") -> 0 | I24: =IFERROR(IF(Questionnaire!E27="","",CHOOSE(MIN(5,MAX(1,Questionnaire!E27)),"Well Below","Below","Meets","Exceeds","Exceptional")),"–")
A25: Interpersonal Average | E25: =IFERROR(AVERAGE(E20:E24),"") | G25: =IFERROR(AVERAGE(E20:E24),"") | H25: =IFERROR(E25*0.25,"") -> 0
A26: ORGANIZATIONAL SKILLS
A27: O1 | B27: Networking Effectiveness | C27: – | D27: – | E27: – | F27: =Questionnaire!E30 | G27: =Questionnaire!E30 | H27: =IFERROR(Questionnaire!E30*0.05,"") -> 0 | I27: =IFERROR(IF(Questionnaire!E30="","",CHOOSE(MIN(5,MAX(1,Questionnaire!E30)),"Well Below","Below","Meets","Exceeds","Exceptional")),"–")
A28: O2 | B28: Resource Mobilisation | C28: – | D28: – | E28: – | F28: =Questionnaire!E31 | G28: =Questionnaire!E31 | H28: =IFERROR(Questionnaire!E31*0.05,"") -> 0 | I28: =IFERROR(IF(Questionnaire!E31="","",CHOOSE(MIN(5,MAX(1,Questionnaire!E31)),"Well Below","Below","Meets","Exceeds","Exceptional")),"–")
A29: O3 | B29: Stakeholder Navigation | C29: – | D29: – | E29: – | F29: =Questionnaire!E32 | G29: =Questionnaire!E32 | H29: =IFERROR(Questionnaire!E32*0.05,"") -> 0 | I29: =IFERROR(IF(Questionnaire!E32="","",CHOOSE(MIN(5,MAX(1,Questionnaire!E32)),"Well Below","Below","Meets","Exceeds","Exceptional")),"–")
A30: O4 | B30: Cross-Unit Communication | C30: – | D30: – | E30: – | F30: =Questionnaire!E33 | G30: =Questionnaire!E33 | H30: =IFERROR(Questionnaire!E33*0.05,"") -> 0 | I30: =IFERROR(IF(Questionnaire!E33="","",CHOOSE(MIN(5,MAX(1,Questionnaire!E33)),"Well Below","Below","Meets","Exceeds","Exceptional")),"–")
A31: O5 | B31: Alignment with Organisational Goals | C31: – | D31: – | E31: – | F31: =Questionnaire!E34 | G31: =Questionnaire!E34 | H31: =IFERROR(Questionnaire!E34*0.05,"") -> 0 | I31: =IFERROR(IF(Questionnaire!E34="","",CHOOSE(MIN(5,MAX(1,Questionnaire!E34)),"Well Below","Below","Meets","Exceeds","Exceptional")),"–")
A32: Organizational Average | F32: =IFERROR(AVERAGE(F27:F31),"") | G32: =IFERROR(AVERAGE(F27:F31),"") | H32: =IFERROR(F32*0.25,"") -> 0
A34: OVERALL BALANCED SCORE (sum of weighted category averages) | G34: =Questionnaire!E36 | H34: =Questionnaire!E36 | I34: =IFERROR(IF(G34="","",IF(G34>=4.5,"★ Exceptional",IF(G34>=3.5,"✔ Exceeds",IF(G34>=2.5,"✔ Meets",IF(G34>=1.5,"▲ Below","✘ Well Below"))))),"–")
A36: INTERPRETATION GUIDE
A37: 4.50 – 5.00 | B37: Exceptional | D37: Rare top talent; prioritise for team.
A38: 3.50 – 4.49 | B38: Exceeds | D38: Strong candidate; minor gaps manageable.
A39: 2.50 – 3.49 | B39: Meets | D39: Solid contributor; pair with mentors for growth.
A40: 1.50 – 2.49 | B40: Below | D40: Significant gaps; consider development plan first.
A41: 1.00 – 1.49 | B41: Well Below | D41: Not recommended at this time.
A43: ⚑ Note: Equal 25% weighting reflects the framework's emphasis that Interpersonal and Organisational skills are as critical as Technical skills. Sponsors may adjust weights to fit specific project needs.
